{"cameraMode":{"drawMode":0,"name":"Shaded","section":"Shading Mode"},"sceneLighting":false,"audioPlay":false,"sceneViewState":{"m_AlwaysRefresh":false,"showFog":true,"showSkybox":false,"showFlares":true,"showImageEffects":true,"showParticleSystems":true,"showVisualEffectGraphs":true,"m_FxEnabled":true},"in2DMode":false,"pivot":{"x":2.1446547508239748,"y":1.012094497680664,"z":3.210048198699951},"rotation":{"x":-0.10662645101547241,"y":0.20603659749031068,"z":-0.02259363792836666,"w":-0.9724668860435486},"size":0.8660253882408142,"orthographic":false}