{"cameraMode":{"drawMode":0,"name":"Shaded","section":"Shading Mode"},"sceneLighting":false,"audioPlay":false,"sceneViewState":{"m_AlwaysRefresh":false,"showFog":false,"showSkybox":false,"showFlares":false,"showImageEffects":false,"showParticleSystems":false,"showVisualEffectGraphs":true,"m_FxEnabled":true},"in2DMode":false,"pivot":{"x":0.018482491374015809,"y":0.6630920171737671,"z":-0.010934785008430481},"rotation":{"x":-0.19558487832546235,"y":-0.7224322557449341,"z":0.22654865682125092,"w":-0.6235395073890686},"size":0.9949947595596314,"orthographic":false}