{"cameraMode":{"drawMode":0,"name":"Shaded","section":"Shading Mode"},"sceneLighting":false,"audioPlay":false,"sceneViewState":{"m_AlwaysRefresh":false,"showFog":true,"showSkybox":false,"showFlares":true,"showImageEffects":true,"showParticleSystems":true,"showVisualEffectGraphs":true,"m_FxEnabled":true},"in2DMode":false,"pivot":{"x":2.1545276641845705,"y":-2.2320468425750734,"z":1.3822091817855836},"rotation":{"x":0.03555626422166824,"y":0.09042996168136597,"z":-0.003239323617890477,"w":0.9952930808067322},"size":0.3471244275569916,"orthographic":false}